Team,S,Kills,Errors,Total Attacks,Pct.,Kills_KPS,Per Set_KPS,Assists,Per Set_APS,Block Solos,Block Assists,Per Set_BPS,Opp Kills,Opp Errors,Opp Attacks,Opp Pct,W,L,Pct._WLP
Nebraska,100,1473,379,3075,0.356,1473,14.73,1350,13.5,46,458,2.75,1003,600,3248,0.124,31,0,1
Wisconsin,98,1470,416,3272,0.322,1470,15,1380,14.08,39,417,2.53,1102,520,3330,0.175,26,4,0.867
SMU,116,1611,456,3670,0.315,1611,13.89,1497,12.91,47,511,2.61,1316,640,3770,0.179,26,5,0.839
Texas,100,1485,435,3361,0.312,1485,14.85,1390,13.9,28,365,2.1,1193,523,3408,0.197,24,3,0.889
Western Ky.,108,1573,451,3593,0.312,1573,14.56,1472,13.63,80,356,2.39,1267,596,3644,0.184,27,6,0.818
Pittsburgh,115,1573,466,3565,0.311,1573,13.68,1465,12.74,35,610,2.96,1270,684,3614,0.162,27,4,0.871
Texas A&M,98,1415,445,3242,0.299,1415,14.44,1331,13.58,32,435,2.55,1083,539,3162,0.172,24,4,0.857
Stanford,115,1620,480,3825,0.298,1620,14.09,1532,13.32,31,523,2.54,1297,613,3817,0.179,28,4,0.875
Kentucky,105,1569,459,3785,0.293,1569,14.94,1466,13.96,43,429,2.45,1298,601,3753,0.186,27,2,0.931
American,99,1301,369,3189,0.292,1301,13.14,1213,12.25,55,325,2.2,1057,581,3339,0.143,24,5,0.828
Creighton,111,1559,498,3633,0.292,1559,14.05,1428,12.86,47,398,2.22,1199,564,3595,0.177,27,5,0.844
Tennessee,103,1459,468,3395,0.292,1459,14.17,1353,13.14,43,409,2.4,1221,533,3464,0.199,20,8,0.714
UTEP,101,1383,438,3246,0.291,1383,13.69,1296,12.83,70,368,2.51,1203,610,3320,0.179,25,5,0.833
Purdue,123,1717,533,4067,0.291,1717,13.96,1589,12.92,70,465,2.46,1563,661,4224,0.214,26,6,0.812
Minnesota,113,1446,432,3576,0.284,1446,12.8,1321,11.69,42,513,2.64,1494,624,3864,0.225,23,9,0.719
Indiana,110,1498,500,3523,0.283,1498,13.62,1395,12.68,57,426,2.45,1307,566,3426,0.216,25,7,0.781
Arizona St.,115,1540,499,3700,0.281,1540,13.39,1450,12.61,63,534,2.87,1333,715,3918,0.158,28,3,0.903
Cal Poly,123,1628,490,4088,0.278,1628,13.24,1490,12.11,48,466,2.28,1486,672,4284,0.19,27,7,0.794
Fairfield,111,1506,475,3714,0.278,1506,13.57,1407,12.68,44,457,2.45,1353,622,3917,0.187,25,6,0.806
Princeton,90,1246,384,3115,0.277,1246,13.84,1169,12.99,45,281,2.06,1164,473,3235,0.214,18,7,0.72
Michigan,118,1574,522,3802,0.277,1574,13.34,1444,12.24,55,457,2.4,1440,644,3865,0.206,22,10,0.688
Utah St.,121,1722,609,4067,0.274,1722,14.23,1608,13.29,51,386,2.02,1474,568,3907,0.232,24,8,0.75
UTRGV,105,1419,441,3591,0.272,1419,13.51,1319,12.56,58,342,2.18,1250,564,3669,0.187,22,8,0.733
Hofstra,98,1398,476,3423,0.269,1398,14.27,1311,13.38,43,459,2.78,1018,567,3372,0.134,22,4,0.846
San Diego,122,1557,514,3883,0.269,1557,12.76,1455,11.93,63,475,2.46,1395,682,4074,0.175,25,5,0.833
BYU,119,1656,601,3948,0.267,1656,13.92,1539,12.93,57,399,2.16,1430,615,3830,0.213,22,9,0.71
Louisville,115,1566,496,4015,0.267,1566,13.62,1435,12.48,81,561,3.14,1399,704,4210,0.165,25,6,0.806
Tulsa,114,1610,521,4121,0.264,1610,14.12,1505,13.2,63,360,2.13,1401,604,4160,0.192,25,7,0.781
Colorado St.,115,1558,540,3867,0.263,1558,13.55,1443,12.55,44,549,2.77,1404,678,3930,0.185,21,9,0.7
Oklahoma,106,1414,542,3335,0.261,1414,13.34,1340,12.64,48,421,2.44,1254,493,3106,0.245,16,11,0.593
Southern California,117,1602,543,4088,0.259,1602,13.69,1493,12.76,53,539,2.76,1374,649,3937,0.184,25,7,0.781
Ball St.,121,1651,568,4199,0.258,1651,13.64,1533,12.67,61,329,1.86,1576,569,4157,0.242,21,10,0.677
Yale,92,1221,408,3161,0.257,1221,13.27,1112,12.09,59,256,2.03,1145,474,3174,0.211,15,9,0.625
James Madison,126,1695,614,4238,0.255,1695,13.45,1594,12.65,63,525,2.58,1624,679,4312,0.219,22,9,0.71
Dayton,106,1379,465,3585,0.255,1379,13.01,1275,12.03,28,445,2.36,1299,642,3791,0.173,23,7,0.767
Cincinnati,107,1364,430,3681,0.254,1364,12.75,1252,11.7,65,391,2.43,1520,604,3965,0.231,15,13,0.536
Jacksonville,110,1445,504,3710,0.254,1445,13.14,1361,12.37,34,404,2.15,1373,585,3737,0.211,22,8,0.733
UC Santa Barbara,124,1694,634,4186,0.253,1694,13.66,1582,12.76,114,433,2.67,1451,709,4188,0.177,23,9,0.719
Penn St.,118,1603,593,3991,0.253,1603,13.58,1492,12.64,35,429,2.11,1428,543,3797,0.233,19,12,0.613
Eastern Ky.,117,1573,556,4021,0.253,1573,13.44,1483,12.68,53,374,2.05,1398,638,4015,0.189,22,9,0.71
FGCU,117,1604,568,4102,0.253,1604,13.71,1499,12.81,51,397,2.13,1512,578,4134,0.226,19,9,0.679
Belmont,107,1355,456,3566,0.252,1355,12.66,1276,11.93,36,357,2,1336,563,3680,0.21,17,11,0.607
UNI,112,1641,578,4217,0.252,1641,14.65,1527,13.63,37,437,2.28,1292,639,4038,0.162,26,6,0.812
Villanova,107,1449,524,3673,0.252,1449,13.54,1369,12.79,37,393,2.18,1286,552,3616,0.203,20,8,0.714
Oregon,116,1522,594,3688,0.252,1522,13.12,1405,12.11,46,426,2.23,1373,558,3525,0.231,17,13,0.567
Sacramento St.,113,1460,510,3777,0.252,1460,12.92,1302,11.52,60,360,2.12,1300,570,3726,0.196,20,10,0.667
Liberty,118,1546,532,4036,0.251,1546,13.1,1418,12.02,55,354,1.97,1489,591,3964,0.227,20,10,0.667
Marquette,103,1353,477,3488,0.251,1353,13.14,1222,11.86,67,342,2.31,1253,562,3444,0.201,18,10,0.643
Cornell,93,1241,443,3180,0.251,1241,13.34,1137,12.23,56,294,2.18,1100,466,3149,0.201,15,10,0.6
Southeastern La.,101,1376,489,3535,0.251,1376,13.62,1259,12.47,53,376,2.39,1237,564,3561,0.189,20,9,0.69
UConn,105,1362,511,3393,0.251,1362,12.97,1202,11.45,81,258,2,1230,504,3347,0.217,19,9,0.679
LIU,104,1376,523,3405,0.251,1376,13.23,1237,11.89,43,286,1.79,1169,520,3375,0.192,20,9,0.69
Miami (FL),128,1676,672,4019,0.25,1676,13.09,1531,11.96,44,499,2.29,1319,642,3806,0.178,27,6,0.818
Morehead St.,107,1473,494,3921,0.25,1473,13.77,1364,12.75,75,321,2.2,1269,563,3773,0.187,23,9,0.719
A&M-Corpus Christi,111,1486,513,3901,0.249,1486,13.39,1362,12.27,54,172,1.26,1398,474,3797,0.243,13,17,0.433
Colgate,111,1365,461,3625,0.249,1365,12.3,1286,11.59,66,444,2.59,1348,641,3927,0.18,18,10,0.643
Lipscomb,97,1342,525,3285,0.249,1342,13.84,1262,13.01,38,238,1.62,1080,421,2934,0.225,14,13,0.519
SFA,111,1526,538,3976,0.248,1526,13.75,1429,12.87,41,450,2.4,1310,621,3961,0.174,23,8,0.742
North Carolina,117,1538,577,3868,0.248,1538,13.15,1425,12.18,35,614,2.92,1401,707,4035,0.172,22,9,0.71
Kennesaw St.,105,1432,552,3544,0.248,1432,13.64,1324,12.61,26,393,2.12,1196,518,3328,0.204,19,9,0.679
Campbell,113,1482,539,3799,0.248,1482,13.12,1356,12,46,354,1.97,1264,563,3715,0.189,23,7,0.767
Auburn,102,1302,442,3468,0.248,1302,12.76,1215,11.91,28,497,2.71,1360,600,3663,0.207,17,11,0.607
Xavier,114,1519,542,3943,0.248,1519,13.32,1362,11.95,73,385,2.33,1396,649,4066,0.184,26,5,0.839
Arkansas St.,119,1545,546,4034,0.248,1545,12.98,1425,11.97,88,494,2.82,1370,767,4150,0.145,22,9,0.71
Youngstown St.,119,1555,507,4241,0.247,1555,13.07,1453,12.21,48,340,1.83,1611,647,4449,0.217,17,14,0.548
FIU,117,1581,583,4045,0.247,1581,13.51,1452,12.41,52,345,1.92,1373,576,3915,0.204,20,12,0.625
Denver,107,1382,544,3399,0.247,1382,12.92,1310,12.24,28,346,1.88,1289,584,3392,0.208,17,11,0.607
Iowa St.,115,1617,612,4077,0.247,1617,14.06,1493,12.98,44,323,1.79,1379,560,3979,0.206,23,7,0.767
South Fla.,111,1541,598,3827,0.246,1541,13.88,1439,12.96,63,342,2.11,1296,530,3584,0.214,17,13,0.567
St. Thomas (MN),115,1613,571,4238,0.246,1613,14.03,1494,12.99,57,261,1.63,1333,542,3958,0.2,21,10,0.677
Saint Francis,112,1529,640,3626,0.245,1529,13.65,1419,12.67,29,259,1.42,1095,477,3130,0.197,20,9,0.69
Oregon St.,101,1336,491,3452,0.245,1336,13.23,1236,12.24,81,331,2.44,1180,548,3395,0.186,19,9,0.679
Baylor,110,1503,559,3858,0.245,1503,13.66,1361,12.37,63,398,2.38,1355,542,3768,0.216,18,10,0.643
Towson,113,1602,597,4117,0.244,1602,14.18,1464,12.96,22,339,1.69,1261,562,3986,0.175,21,7,0.75
Iowa,128,1662,646,4181,0.243,1662,12.98,1508,11.78,56,430,2.12,1642,604,4208,0.247,15,17,0.469
Howard,116,1483,572,3756,0.243,1483,12.78,1400,12.07,53,396,2.16,1279,616,3642,0.182,18,11,0.621
Long Beach St.,114,1557,595,3968,0.242,1557,13.66,1405,12.32,48,466,2.46,1362,617,3946,0.189,22,9,0.71
Missouri,109,1445,538,3750,0.242,1445,13.26,1338,12.28,62,412,2.46,1436,598,3900,0.215,17,11,0.607
Penn,90,1232,419,3369,0.241,1232,13.69,1162,12.91,32,210,1.52,1149,428,3305,0.218,12,12,0.5
Charlotte,104,1364,455,3777,0.241,1364,13.12,1289,12.39,65,373,2.42,1404,612,4038,0.196,17,12,0.586
Kansas,128,1709,636,4472,0.24,1709,13.35,1581,12.35,37,567,2.5,1478,724,4449,0.169,24,10,0.706
Northern Ariz.,116,1523,481,4349,0.24,1523,13.13,1420,12.24,96,345,2.31,1529,769,4636,0.164,23,7,0.767
Colorado,120,1533,586,3955,0.239,1533,12.78,1409,11.74,71,459,2.5,1497,720,3963,0.196,23,9,0.719
Washington St.,100,1336,523,3404,0.239,1336,13.36,1229,12.29,52,334,2.19,1202,481,3275,0.22,17,11,0.607
IU Indy,122,1684,663,4278,0.239,1684,13.8,1573,12.89,66,314,1.83,1393,589,4134,0.194,18,14,0.562
UCF,105,1406,548,3596,0.239,1406,13.39,1275,12.14,38,415,2.34,1198,573,3416,0.183,17,12,0.586
Louisiana,94,1248,457,3320,0.238,1248,13.28,1181,12.56,31,280,1.82,1123,469,3160,0.207,15,11,0.577
Arizona,108,1479,550,3901,0.238,1479,13.69,1322,12.24,33,374,2.04,1396,551,3875,0.218,17,12,0.586
ETSU,113,1495,569,3892,0.238,1495,13.23,1400,12.39,32,450,2.27,1296,626,3784,0.177,23,7,0.767
Northwestern,127,1587,584,4216,0.238,1587,12.5,1492,11.75,61,367,1.93,1695,643,4322,0.243,17,15,0.531
Georgia,96,1177,430,3140,0.238,1177,12.26,1099,11.45,31,490,2.88,1280,574,3489,0.202,16,10,0.615
TCU,119,1595,584,4255,0.238,1595,13.4,1477,12.41,47,443,2.26,1508,650,4318,0.199,21,10,0.677
Samford,104,1298,470,3488,0.237,1298,12.48,1205,11.59,20,262,1.45,1343,422,3382,0.272,13,15,0.464
Florida,105,1446,563,3720,0.237,1446,13.77,1339,12.75,57,376,2.33,1326,525,3666,0.218,16,11,0.593
UAB,104,1262,480,3299,0.237,1262,12.13,1149,11.05,43,371,2.2,1368,555,3489,0.233,13,15,0.464
Mississippi St.,94,1240,459,3304,0.236,1240,13.19,1141,12.14,55,342,2.4,1196,522,3350,0.201,16,10,0.615
Wichita St.,114,1567,580,4189,0.236,1567,13.75,1446,12.68,24,430,2.1,1420,624,4211,0.189,19,11,0.633
High Point,104,1354,515,3589,0.234,1354,13.02,1262,12.13,44,347,2.09,1243,581,3676,0.18,18,10,0.643
Ga. Southern,106,1394,478,3922,0.234,1394,13.15,1286,12.13,60,332,2.13,1336,625,4072,0.175,19,9,0.679
Prairie View,109,1364,500,3710,0.233,1364,12.51,1267,11.62,70,255,1.81,1289,603,3741,0.183,18,12,0.6
Central Ark.,111,1363,510,3670,0.232,1363,12.28,1197,11.08,46,446,2.42,1448,625,3865,0.213,18,12,0.6
Central Ark.,111,1363,510,3670,0.232,1363,12.28,1219,10.98,46,446,2.42,1448,625,3865,0.213,18,12,0.6
South Dakota,113,1533,571,4149,0.232,1533,13.57,1416,12.53,64,340,2.07,1297,585,3991,0.178,20,9,0.69
Washington,115,1436,558,3787,0.232,1436,12.49,1342,11.67,47,458,2.4,1492,650,3936,0.214,13,17,0.433
Rice,107,1454,507,4091,0.231,1454,13.59,1338,12.5,86,333,2.36,1352,582,4113,0.187,21,10,0.677
Southeast Mo. St.,131,1696,593,4777,0.231,1696,12.95,1600,12.21,83,354,1.98,1680,708,4820,0.202,21,13,0.618
West Virginia,115,1373,540,3610,0.231,1373,11.94,1280,11.13,55,407,2.25,1407,596,3687,0.22,15,15,0.5
Georgia Tech,112,1475,633,3653,0.23,1475,13.17,1408,12.57,43,443,2.36,1441,554,3655,0.243,16,14,0.533
Winthrop,101,1370,517,3705,0.23,1370,13.56,1250,12.38,46,266,1.77,1266,513,3759,0.2,18,7,0.72
Furman,115,1480,533,4115,0.23,1480,12.87,1363,11.85,49,446,2.37,1416,660,4252,0.178,21,9,0.7
Florida St.,117,1493,564,4042,0.23,1493,12.76,1398,11.95,49,426,2.24,1542,642,4138,0.217,16,13,0.552
Portland,104,1269,509,3312,0.229,1269,12.2,1150,11.06,38,302,1.82,1297,489,3343,0.242,14,15,0.483
Weber St.,107,1364,534,3639,0.228,1364,12.75,1274,11.91,43,418,2.36,1341,606,3662,0.201,18,12,0.6
Illinois,106,1402,544,3765,0.228,1402,13.23,1285,12.12,34,348,1.96,1443,501,3732,0.252,13,16,0.448
Eastern Ill.,119,1585,598,4340,0.227,1585,13.32,1467,12.33,55,425,2.25,1503,704,4430,0.18,24,8,0.75
George Washington,124,1617,667,4180,0.227,1617,13.04,1501,12.1,94,384,2.31,1460,655,4079,0.197,19,12,0.613
UIC,109,1484,609,3851,0.227,1484,13.61,1402,12.86,42,466,2.52,1280,584,3781,0.184,17,10,0.63
Bryant,106,1411,574,3688,0.227,1411,13.31,1284,12.11,23,276,1.52,1194,487,3503,0.202,16,12,0.571
Missouri St.,110,1346,492,3765,0.227,1346,12.24,1240,11.27,52,419,2.38,1508,602,3964,0.229,12,17,0.414
Montana,106,1442,557,3903,0.227,1442,13.6,1340,12.64,38,337,1.95,1349,557,3945,0.201,17,11,0.607
Binghamton,100,1270,464,3556,0.227,1270,12.7,1184,11.84,24,357,2.02,1400,507,3668,0.243,12,14,0.462
Duquesne,120,1605,621,4342,0.227,1605,13.38,1499,12.49,64,401,2.2,1494,624,4232,0.206,18,13,0.581
North Ala.,117,1502,582,4061,0.227,1502,12.84,1363,11.65,24,327,1.6,1433,584,3933,0.216,14,16,0.467
Omaha,96,1196,469,3214,0.226,1196,12.46,1109,11.55,35,430,2.6,1238,559,3326,0.204,10,16,0.385
UIW,110,1409,490,4065,0.226,1409,12.81,1303,11.85,65,274,1.84,1441,624,4216,0.194,17,13,0.567
Fla. Atlantic,106,1460,568,3948,0.226,1460,13.77,1353,12.76,67,347,2.27,1349,594,3861,0.196,19,11,0.633
Valparaiso,116,1628,632,4431,0.225,1628,14.03,1519,13.09,61,414,2.31,1409,641,4289,0.179,21,9,0.7
Wright St.,118,1614,652,4282,0.225,1614,13.68,1512,12.81,57,359,2,1478,608,4268,0.204,21,11,0.656
UAlbany,98,1228,438,3517,0.225,1228,12.53,1140,11.63,20,325,1.86,1320,507,3682,0.221,14,12,0.538
Utah,117,1499,620,3925,0.224,1499,12.81,1390,11.88,40,444,2.24,1420,582,3798,0.221,15,15,0.5
Vanderbilt,105,1350,568,3493,0.224,1350,12.86,1269,12.09,33,322,1.85,1301,459,3364,0.25,9,18,0.333
Brown,84,1072,425,2890,0.224,1072,12.76,978,11.64,34,314,2.27,1040,460,2887,0.201,14,10,0.583
UCLA,122,1588,649,4196,0.224,1588,13.02,1489,12.2,44,466,2.27,1520,653,4255,0.204,19,13,0.594
Rutgers,112,1400,629,3450,0.223,1400,12.5,1303,11.63,63,310,1.95,1306,489,3262,0.25,12,20,0.375
Kansas St.,103,1365,548,3660,0.223,1365,13.25,1280,12.43,48,356,2.19,1246,555,3524,0.196,18,9,0.667
Gonzaga,112,1430,591,3761,0.223,1430,12.77,1313,11.72,60,234,1.58,1374,565,3643,0.222,14,15,0.483
Santa Clara,115,1485,642,3783,0.223,1485,12.91,1380,12,58,290,1.77,1360,537,3623,0.227,17,12,0.586
Utah Tech,98,1296,512,3519,0.223,1296,13.22,1180,12.04,68,432,2.9,1153,637,3579,0.144,21,6,0.778
South Dakota St.,104,1342,525,3669,0.223,1342,12.9,1242,11.94,83,466,3.04,1310,693,3869,0.159,23,5,0.821
Alabama St.,107,1350,560,3552,0.222,1350,12.62,1231,11.5,61,234,1.66,1341,533,3569,0.226,14,16,0.467
Michigan St.,113,1450,608,3787,0.222,1450,12.83,1355,11.99,55,369,2.12,1373,585,3645,0.216,18,12,0.6
Northeastern,99,1263,508,3410,0.221,1263,12.76,1176,11.88,53,315,2.13,1225,492,3393,0.216,9,16,0.36
App State,113,1426,565,3894,0.221,1426,12.62,1299,11.5,60,377,2.2,1421,591,3876,0.214,15,12,0.556
Pepperdine,106,1324,514,3664,0.221,1324,12.49,1210,11.42,62,466,2.78,1224,653,3694,0.155,21,8,0.724
Northern Ky.,116,1534,602,4239,0.22,1534,13.22,1430,12.33,51,436,2.32,1375,632,4195,0.177,22,9,0.71
UC Davis,105,1376,556,3736,0.219,1376,13.1,1292,12.3,56,407,2.47,1139,588,3613,0.153,21,7,0.75
Wyoming,117,1515,578,4281,0.219,1515,12.95,1401,11.97,92,452,2.72,1610,690,4408,0.209,17,13,0.567
UNC Greensboro,113,1443,548,4094,0.219,1443,12.77,1352,11.96,29,367,1.88,1449,637,4204,0.193,17,12,0.586
UNLV,105,1395,563,3811,0.218,1395,13.29,1294,12.32,40,358,2.09,1364,556,3786,0.213,13,15,0.464
Boise St.,119,1603,628,4492,0.217,1603,13.47,1507,12.66,59,567,2.88,1602,694,4444,0.204,20,11,0.645
Akron,117,1525,630,4139,0.216,1525,13.03,1425,12.18,40,396,2.03,1464,567,3993,0.225,16,13,0.552
Bradley,110,1416,563,3945,0.216,1416,12.87,1324,12.04,48,268,1.65,1427,537,3968,0.224,13,15,0.464
Georgetown,112,1325,538,3643,0.216,1325,11.83,1221,10.9,81,276,1.96,1408,572,3720,0.225,14,15,0.483
Jackson St.,102,1269,582,3181,0.216,1269,12.44,1169,11.46,93,258,2.18,1108,574,3122,0.171,13,14,0.481
Southern Ill.,119,1532,603,4303,0.216,1532,12.87,1438,12.08,45,357,1.88,1591,597,4310,0.231,13,17,0.433
New Hampshire,88,1015,386,2918,0.216,1015,11.53,911,10.35,35,332,2.28,1169,456,3086,0.231,9,14,0.391
Boston College,115,1365,578,3652,0.215,1365,11.87,1267,11.02,58,456,2.49,1444,632,3809,0.213,16,16,0.5
Texas St.,114,1443,621,3817,0.215,1443,12.66,1359,11.92,32,508,2.51,1400,607,3869,0.205,17,12,0.586
Clemson,116,1497,602,4158,0.215,1497,12.91,1403,12.09,67,326,1.98,1438,592,4121,0.205,18,14,0.562
LSU,104,1321,570,3497,0.215,1321,12.7,1247,11.99,41,374,2.19,1309,534,3467,0.224,13,14,0.481
Notre Dame,107,1325,563,3553,0.214,1325,12.38,1226,11.46,54,441,2.57,1310,559,3512,0.214,12,16,0.429
Toledo,133,1702,661,4855,0.214,1702,12.8,1565,11.77,60,450,2.14,1569,744,4844,0.17,23,11,0.676
Coastal Carolina,106,1306,528,3629,0.214,1306,12.32,1198,11.3,71,410,2.6,1295,586,3726,0.19,18,11,0.621
Fresno St.,97,1157,459,3265,0.214,1157,11.93,1050,10.82,49,293,2.02,1453,498,3554,0.269,7,22,0.241
Wake Forest,113,1476,639,3916,0.214,1476,13.06,1378,12.19,27,423,2.11,1440,549,3876,0.23,15,16,0.484
VCU,119,1528,675,3992,0.214,1528,12.84,1425,11.97,75,386,2.25,1380,617,3847,0.198,16,13,0.552
Queens (NC),114,1505,618,4153,0.214,1505,13.2,1386,12.16,46,428,2.28,1456,633,4105,0.2,18,12,0.6
South Alabama,114,1475,633,3952,0.213,1475,12.94,1350,11.84,92,388,2.51,1447,585,3899,0.221,15,14,0.517
Alabama A&M,119,1472,632,3948,0.213,1472,12.37,1374,11.55,98,250,1.87,1445,718,3959,0.184,19,12,0.613
Lehigh,93,1142,493,3051,0.213,1142,12.28,1066,11.46,62,368,2.65,1127,511,3063,0.201,12,14,0.462
Ole Miss,110,1417,624,3739,0.212,1417,12.88,1326,12.05,30,360,1.91,1320,522,3567,0.224,14,15,0.483
Utah Valley,101,1237,527,3362,0.211,1237,12.25,1106,11.4,51,600,3.48,1236,653,3560,0.164,16,11,0.593
Siena,125,1475,564,4315,0.211,1475,11.8,1396,11.17,35,347,1.67,1721,653,4508,0.237,14,19,0.424
Northern Colo.,137,1735,754,4649,0.211,1735,12.66,1569,11.45,76,421,2.09,1661,717,4690,0.201,17,16,0.515
Central Mich.,107,1316,569,3542,0.211,1316,12.3,1221,11.41,63,292,1.95,1375,530,3569,0.237,9,21,0.3
Southern Miss.,102,1334,524,3845,0.211,1334,13.08,1208,11.84,40,290,1.81,1328,553,3895,0.199,17,12,0.586
Grand Canyon,117,1473,597,4169,0.21,1473,12.59,1348,11.52,54,516,2.67,1495,641,4248,0.201,17,13,0.567
FDU,112,1317,538,3709,0.21,1317,11.76,1215,10.85,56,357,2.09,1324,629,3831,0.181,18,12,0.6
San Francisco,102,1158,466,3295,0.21,1158,11.35,1045,10.25,71,350,2.41,1461,567,3587,0.249,7,21,0.25
Col. of Charleston,112,1394,567,3938,0.21,1394,12.45,1281,11.44,53,334,1.96,1389,623,4052,0.189,18,10,0.643
N.C. A&T,104,1342,571,3684,0.209,1342,12.9,1251,12.03,57,210,1.56,1262,470,3452,0.229,15,12,0.556
South Carolina,97,1220,538,3267,0.209,1220,12.58,1150,11.86,39,338,2.14,1272,486,3246,0.242,10,16,0.385
New Mexico,112,1359,540,3929,0.208,1359,12.13,1266,11.3,62,375,2.23,1543,662,4194,0.21,13,16,0.448
Marshall,109,1309,520,3797,0.208,1309,12.01,1209,11.09,65,275,1.86,1464,591,3880,0.225,15,15,0.5
USC Upstate,108,1387,566,3954,0.208,1387,12.84,1291,11.95,43,276,1.68,1398,549,3942,0.215,14,14,0.5
Alabama,99,1247,552,3351,0.207,1247,12.6,1170,11.82,38,321,2.01,1212,495,3331,0.215,14,13,0.519
CSUN,121,1512,635,4231,0.207,1512,12.5,1392,11.5,61,420,2.24,1504,652,4299,0.198,17,13,0.567
East Carolina,101,1201,498,3396,0.207,1201,11.89,1085,10.74,53,321,2.11,1291,539,3520,0.214,12,15,0.444
Chattanooga,111,1391,562,4008,0.207,1391,12.53,1241,11.18,47,389,2.18,1500,609,4208,0.212,16,13,0.552
Arkansas,103,1247,519,3523,0.207,1247,12.11,1191,11.56,28,314,1.8,1404,476,3491,0.266,5,22,0.185
Houston,106,1252,499,3644,0.207,1252,11.81,1145,10.8,41,466,2.58,1408,603,3786,0.213,9,20,0.31
Navy,109,1362,564,3866,0.206,1362,12.5,1291,11.84,60,390,2.34,1411,575,3837,0.218,13,14,0.481
Georgia St.,105,1416,618,3868,0.206,1416,13.49,1319,12.56,61,317,2.09,1275,588,3819,0.18,18,10,0.643
North Texas,114,1546,698,4127,0.205,1546,13.56,1440,12.63,54,416,2.3,1260,603,3804,0.173,21,9,0.7
Bucknell,102,1235,525,3456,0.205,1235,12.11,1133,11.11,48,257,1.73,1298,541,3694,0.205,12,14,0.462
Wofford,108,1299,511,3837,0.205,1299,12.03,1230,11.39,79,356,2.38,1335,624,3937,0.181,17,14,0.548
Rider,119,1457,649,3935,0.205,1457,12.24,1351,11.35,35,418,2.05,1392,586,3810,0.212,16,16,0.5
Portland St.,112,1417,590,4033,0.205,1417,12.65,1305,11.65,53,306,1.84,1457,569,3966,0.224,11,17,0.393
Nicholls,97,1149,488,3224,0.205,1149,11.85,1065,10.98,33,226,1.51,1210,485,3198,0.227,13,16,0.448
William & Mary,101,1169,491,3313,0.205,1169,11.57,1067,10.56,75,394,2.69,1308,595,3539,0.201,12,15,0.444
UMBC,101,1294,564,3570,0.204,1294,12.81,1224,12.12,41,375,2.26,1231,541,3472,0.199,13,12,0.52
Drake,118,1546,643,4442,0.203,1546,13.1,1441,12.21,31,432,2.09,1500,675,4436,0.186,18,12,0.6
New Orleans,101,1210,503,3491,0.203,1210,11.98,1128,11.17,44,199,1.42,1376,507,3697,0.235,8,21,0.276
Coppin St.,135,1683,761,4553,0.203,1683,12.47,1587,11.76,63,324,1.67,1576,682,4594,0.195,23,12,0.657
Bowling Green,124,1557,706,4203,0.202,1557,12.56,1454,11.73,53,471,2.33,1448,677,4117,0.187,17,15,0.531
Green Bay,115,1414,569,4175,0.202,1414,12.3,1298,11.29,66,331,2.01,1546,646,4283,0.21,11,19,0.367
Loyola Chicago,131,1658,715,4660,0.202,1658,12.66,1547,11.81,82,454,2.36,1676,694,4664,0.211,17,16,0.515
Morgan St.,95,1077,487,2918,0.202,1077,11.34,972,10.23,88,185,1.9,1113,538,3017,0.191,11,14,0.44
North Dakota St.,103,1286,590,3450,0.202,1286,12.49,1186,11.51,45,320,1.99,1237,543,3413,0.203,17,11,0.607
Air Force,114,1498,661,4151,0.202,1498,13.14,1400,12.28,57,374,2.14,1366,625,3993,0.186,15,15,0.5
Providence,107,1308,558,3746,0.2,1308,12.22,1176,10.99,57,396,2.38,1371,590,3843,0.203,12,17,0.414
Virginia Tech,111,1321,580,3736,0.198,1321,11.9,1224,11.03,41,437,2.34,1454,606,3808,0.223,12,19,0.387
DePaul,103,1309,583,3661,0.198,1309,12.71,1229,11.93,44,410,2.42,1314,550,3620,0.211,14,13,0.519
Lamar University,121,1425,546,4437,0.198,1425,11.78,1351,11.17,115,297,2.18,1550,692,4608,0.186,17,15,0.531
Little Rock,119,1543,658,4478,0.198,1543,12.97,1431,12.03,48,393,2.05,1457,657,4517,0.177,16,15,0.516
North Florida,124,1571,705,4383,0.198,1571,12.67,1460,11.77,25,462,2.06,1539,643,4271,0.21,14,17,0.452
Stony Brook,104,1232,521,3601,0.197,1232,11.85,1129,10.86,34,307,1.8,1335,520,3649,0.223,12,15,0.444
Tarleton St.,102,1218,550,3387,0.197,1218,11.94,1148,11.25,64,380,2.49,1228,579,3524,0.184,16,10,0.615
Lindenwood,102,1294,604,3500,0.197,1294,12.69,1212,11.88,61,242,1.78,1234,499,3395,0.216,11,16,0.407
Temple,119,1496,642,4342,0.197,1496,12.57,1379,11.59,99,280,2.01,1529,611,4292,0.214,16,15,0.516
San Jose St.,116,1445,643,4096,0.196,1445,12.46,1332,11.48,72,358,2.16,1508,628,4087,0.215,13,16,0.448
Indiana St.,102,1284,553,3741,0.195,1284,12.59,1198,11.75,43,247,1.63,1409,468,3760,0.25,9,19,0.321
Hawaii,105,1288,587,3589,0.195,1288,12.27,1193,11.36,43,402,2.32,1215,527,3520,0.195,12,17,0.414
Sam Houston,120,1441,624,4184,0.195,1441,12.01,1345,11.21,46,318,1.71,1608,592,4176,0.243,11,18,0.379
Troy,101,1309,610,3586,0.195,1309,12.96,1213,12.01,40,222,1.5,1124,451,3181,0.212,10,16,0.385
Miami (OH),125,1523,620,4634,0.195,1523,12.18,1421,11.37,83,447,2.45,1724,763,4769,0.202,16,15,0.516
New Mexico St.,116,1437,671,3931,0.195,1437,12.39,1347,11.61,62,354,2.06,1344,616,3666,0.199,14,16,0.467
San Diego St.,123,1573,741,4272,0.195,1573,12.79,1453,11.81,46,402,2.01,1433,599,4037,0.207,15,16,0.484
Davidson,107,1402,640,3927,0.194,1402,13.1,1301,12.16,46,284,1.76,1364,532,3815,0.218,12,16,0.429
Ohio,120,1550,723,4275,0.193,1550,12.92,1427,11.89,48,312,1.7,1353,523,3790,0.219,14,17,0.452
UTSA,104,1268,560,3660,0.193,1268,12.19,1174,11.29,46,312,1.94,1317,524,3695,0.215,13,15,0.464
Harvard,77,880,418,2389,0.193,880,11.43,814,10.57,33,295,2.34,987,385,2464,0.244,7,15,0.318
George Mason,120,1470,695,4011,0.193,1470,12.25,1358,11.32,65,439,2.37,1309,621,3879,0.177,17,13,0.567
Virginia,116,1341,622,3723,0.193,1341,11.56,1222,10.53,47,453,2.36,1540,625,3884,0.236,13,17,0.433
Idaho St.,123,1510,653,4446,0.193,1510,12.28,1401,11.39,86,466,2.59,1639,756,4623,0.191,13,18,0.419
Syracuse,111,1379,592,4088,0.193,1379,12.42,1259,11.34,45,369,2.07,1456,590,3956,0.219,13,17,0.433
Tulane,105,1300,541,3947,0.192,1300,12.38,1224,11.66,97,250,2.11,1389,562,4075,0.203,11,16,0.407
Western Mich.,127,1578,655,4819,0.192,1578,12.43,1494,11.76,68,448,2.3,1645,740,5062,0.179,17,16,0.515
Milwaukee,106,1296,575,3776,0.191,1296,12.23,1208,11.4,48,348,2.09,1480,557,3849,0.24,11,21,0.344
Charleston So.,105,1300,553,3916,0.191,1300,12.38,1202,11.45,60,272,1.87,1259,561,3824,0.183,16,13,0.552
Southern Ind.,121,1501,628,4583,0.19,1501,12.4,1388,11.47,68,412,2.26,1543,695,4691,0.181,19,13,0.594
Florida A&M,116,1302,586,3766,0.19,1302,11.22,1182,10.19,67,382,2.22,1399,698,3899,0.18,14,17,0.452
Delaware St.,108,1258,610,3429,0.189,1258,11.65,1176,10.89,70,240,1.76,1200,529,3229,0.208,12,18,0.4
Army West Point,106,1392,652,3918,0.189,1392,13.13,1276,12.04,39,355,2.04,1219,531,3703,0.186,19,9,0.679
Saint Louis,109,1361,640,3819,0.189,1361,12.49,1276,11.71,49,322,1.93,1281,526,3680,0.205,13,16,0.448
Montana St.,109,1356,622,3889,0.189,1356,12.44,1246,11.43,53,350,2.09,1408,570,3834,0.219,13,15,0.464
Illinois St.,112,1438,675,4049,0.188,1438,12.84,1329,11.87,70,406,2.44,1348,622,3987,0.182,14,16,0.467
Mercer,106,1316,604,3780,0.188,1316,12.42,1204,11.36,38,263,1.6,1325,482,3629,0.232,10,20,0.333
NC State,115,1375,596,4140,0.188,1375,11.96,1260,10.96,73,430,2.5,1466,643,4084,0.202,15,15,0.5
Western Caro.,104,1291,561,3880,0.188,1291,12.41,1213,11.66,57,304,2.01,1431,522,3823,0.238,8,21,0.276
Abilene Christian,117,1488,734,4010,0.188,1488,12.72,1369,11.7,74,292,1.88,1316,617,3855,0.181,13,17,0.433
Saint Mary's (CA),119,1411,681,3892,0.188,1411,11.86,1297,10.9,76,330,2.03,1399,596,3805,0.211,11,18,0.379
Jacksonville St.,115,1362,672,3699,0.187,1362,11.84,1251,10.88,41,244,1.42,1288,499,3518,0.224,14,15,0.483
Stetson,114,1310,575,3945,0.186,1310,11.49,1221,10.71,73,378,2.3,1608,661,4393,0.216,9,19,0.321
Quinnipiac,118,1577,760,4402,0.186,1577,13.36,1470,12.46,55,267,1.6,1278,627,4069,0.16,19,12,0.613
Buffalo,102,1228,575,3519,0.186,1228,12.04,1138,11.16,65,238,1.8,1334,516,3630,0.225,9,18,0.333
Ohio St.,107,1265,616,3506,0.185,1265,11.82,1183,11.06,41,323,1.89,1432,502,3472,0.268,6,22,0.214
UNC Asheville,110,1316,567,4047,0.185,1316,11.96,1196,10.87,56,386,2.26,1384,616,3963,0.194,12,18,0.4
N.C. Central,106,1234,551,3709,0.184,1234,11.64,1140,10.75,69,182,1.51,1279,515,3628,0.211,10,18,0.357
Butler,105,1281,609,3657,0.184,1281,12.2,1194,11.37,43,340,2.03,1315,541,3486,0.222,12,17,0.414
Seton Hall,100,1129,523,3308,0.183,1129,11.29,1050,10.5,28,290,1.73,1286,469,3295,0.248,6,21,0.222
East Texas A&M,102,1175,491,3741,0.183,1175,11.52,1090,10.69,38,268,1.69,1448,534,3916,0.233,9,19,0.321
Columbia,86,1003,478,2875,0.183,1003,11.66,931,10.83,44,251,1.97,1150,382,2807,0.274,2,22,0.083
Murray St.,94,1044,466,3169,0.182,1044,11.11,986,10.49,40,214,1.56,1330,417,3264,0.28,4,21,0.16
SIUE,115,1428,678,4120,0.182,1428,12.42,1303,11.33,69,310,1.95,1426,571,4085,0.209,12,18,0.4
Eastern Mich.,119,1492,690,4411,0.182,1492,12.54,1370,11.51,51,416,2.18,1512,648,4416,0.196,13,18,0.419
Delaware,93,1054,497,3068,0.182,1054,11.33,991,10.66,17,439,2.54,1254,514,3240,0.228,8,17,0.32
Houston Christian,101,1292,617,3720,0.181,1292,12.79,1173,11.61,38,220,1.47,1292,463,3549,0.234,12,18,0.4
UC Irvine,111,1310,599,3934,0.181,1310,11.8,1211,10.91,55,416,2.37,1379,630,4031,0.186,13,18,0.419
Oakland,108,1329,566,4265,0.179,1329,12.31,1214,11.24,58,190,1.42,1532,533,4144,0.241,7,23,0.233
Manhattan,102,1104,505,3370,0.178,1104,10.82,1026,10.06,49,420,2.54,1386,585,3480,0.23,4,24,0.143
Memphis,110,1320,676,3633,0.177,1320,12,1232,11.2,55,285,1.8,1314,538,3545,0.219,11,20,0.355
NIU,110,1325,651,3816,0.177,1325,12.05,1223,11.12,51,364,2.12,1375,592,3791,0.207,13,14,0.481
Marist,104,1224,615,3449,0.177,1224,11.77,1128,10.85,37,200,1.32,1318,457,3225,0.267,10,20,0.333
Louisiana Tech,111,1187,571,3492,0.176,1187,10.69,1070,9.64,29,334,1.77,1345,562,3601,0.217,9,21,0.3
Tennessee Tech,116,1466,750,4102,0.175,1466,12.64,1363,11.75,32,280,1.48,1290,520,3721,0.207,14,17,0.452
UT Arlington,106,1254,621,3649,0.173,1254,11.83,1162,10.96,57,268,1.8,1205,549,3488,0.188,11,14,0.44
Maryland,110,1196,587,3514,0.173,1196,10.87,1107,10.06,35,465,2.43,1454,572,3585,0.246,8,22,0.267
Purdue Fort Wayne,105,1261,610,3761,0.173,1261,12.01,1200,11.43,34,342,1.95,1473,489,3807,0.258,3,26,0.103
UMES,114,1245,640,3502,0.173,1245,10.92,1162,10.19,67,277,1.8,1368,544,3539,0.233,11,18,0.379
Central Conn. St.,102,1224,629,3445,0.173,1224,12,1137,11.15,29,252,1.52,1068,430,2991,0.213,9,19,0.321
Niagara,104,1252,566,3980,0.172,1252,12.04,1201,11.55,66,260,1.88,1426,624,4222,0.19,12,15,0.444
Holy Cross,124,1410,689,4191,0.172,1410,11.37,1302,10.5,41,301,1.54,1540,545,4074,0.244,9,23,0.281
Canisius,120,1446,711,4277,0.172,1446,12.05,1360,11.33,45,386,1.98,1393,581,4071,0.199,12,18,0.4
Duke,112,1350,654,4060,0.171,1350,12.05,1251,11.17,35,333,1.8,1455,525,3922,0.237,5,26,0.161
Seattle U,114,1275,672,3533,0.171,1275,11.18,1154,10.12,63,326,1.98,1410,535,3447,0.254,8,21,0.276
Kent St.,105,1243,598,3787,0.17,1243,11.84,1155,11,71,312,2.16,1336,581,3705,0.204,8,21,0.276
Bellarmine,106,1258,628,3711,0.17,1258,11.87,1141,10.76,38,268,1.62,1310,491,3485,0.235,11,17,0.393
St. John's (NY),108,1240,644,3528,0.169,1240,11.48,1176,10.89,51,286,1.8,1297,464,3359,0.248,10,19,0.345
Texas Tech,120,1417,719,4132,0.169,1417,11.81,1347,11.22,54,284,1.63,1527,550,4007,0.244,10,20,0.333
Fordham,104,1106,505,3595,0.167,1106,10.63,1011,9.72,42,522,2.91,1472,679,3894,0.204,9,19,0.321
Robert Morris,111,1328,641,4117,0.167,1328,11.96,1246,11.23,51,313,1.87,1506,572,4207,0.222,9,20,0.31
McNeese,105,1202,585,3701,0.167,1202,11.45,1107,10.54,26,216,1.28,1408,450,3669,0.261,8,20,0.286
CSU Bakersfield,107,1229,595,3803,0.167,1229,11.49,1152,10.77,44,304,1.83,1420,539,3808,0.231,6,24,0.2
UC San Diego,115,1417,742,4070,0.166,1417,12.32,1326,11.53,57,320,1.89,1460,528,3831,0.243,6,24,0.2
Western Ill.,119,1265,573,4174,0.166,1265,10.63,1136,9.55,76,345,2.09,1637,688,4489,0.211,7,24,0.226
Elon,99,1106,562,3311,0.164,1106,11.17,1045,10.56,52,251,1.79,1278,499,3340,0.233,7,20,0.259
Middle Tenn.,106,1206,619,3580,0.164,1206,11.38,1119,10.56,27,348,1.9,1302,550,3619,0.208,11,17,0.393
Radford,109,1256,642,3773,0.163,1256,11.52,1135,10.41,39,330,1.87,1388,534,3701,0.231,10,20,0.333
Sacred Heart,116,1432,747,4213,0.163,1432,12.34,1329,11.46,47,282,1.62,1377,539,3926,0.213,11,19,0.367
Southern U.,120,1317,687,3883,0.162,1317,10.98,1165,9.71,31,286,1.45,1374,624,3918,0.191,16,17,0.485
Gardner-Webb,116,1397,649,4646,0.161,1397,12.04,1308,11.28,67,341,2.05,1553,629,4683,0.197,12,19,0.387
California Baptist,97,1066,569,3090,0.161,1066,10.99,1001,10.32,72,251,2.04,1180,507,3111,0.216,7,18,0.28
NJIT,101,1134,572,3506,0.16,1134,11.23,1048,10.38,45,259,1.73,1420,490,3635,0.256,5,21,0.192
LMU (CA),105,1176,600,3627,0.159,1176,11.2,1062,10.11,64,321,2.14,1351,529,3674,0.224,7,20,0.259
Austin Peay,109,1199,633,3568,0.159,1199,11,1129,10.36,53,296,1.84,1405,517,3529,0.252,5,23,0.179
Texas Southern,109,1190,626,3573,0.158,1190,10.92,1083,9.94,69,226,1.67,1307,552,3677,0.205,10,20,0.333
Norfolk St.,104,1002,506,3162,0.157,1002,9.63,918,8.83,51,237,1.63,1382,486,3348,0.268,5,24,0.172
Nevada,99,1195,653,3469,0.156,1195,12.07,1104,11.15,48,292,1.96,1206,449,3203,0.236,8,20,0.286
UC Riverside,103,1163,600,3609,0.156,1163,11.29,1073,10.42,43,216,1.47,1361,469,3563,0.25,9,19,0.321
Lafayette,95,1034,489,3495,0.156,1034,10.88,981,10.33,25,287,1.77,1355,517,3598,0.233,4,22,0.154
California,112,1265,674,3811,0.155,1265,11.29,1186,10.59,38,378,2.03,1421,558,3745,0.23,9,21,0.3
Presbyterian,96,1105,533,3694,0.155,1105,11.51,1028,10.71,48,322,2.18,1275,552,3813,0.19,6,20,0.231
ULM,104,1155,577,3759,0.154,1155,11.11,1048,10.08,52,203,1.48,1343,454,3670,0.242,10,20,0.333
North Dakota,98,1060,575,3182,0.152,1060,10.82,973,9.93,20,264,1.55,1223,440,3145,0.249,7,20,0.259
Idaho,106,1244,661,3827,0.152,1244,11.74,1147,10.82,58,252,1.74,1389,567,3880,0.212,6,22,0.214
Cal St. Fullerton,103,1109,563,3603,0.152,1109,10.77,1005,9.76,44,283,1.8,1400,535,3598,0.24,8,22,0.267
Rhode Island,107,1104,589,3445,0.149,1104,10.32,1022,9.55,69,351,2.29,1497,572,3622,0.255,5,25,0.167
Dartmouth,84,896,457,2946,0.149,896,10.67,831,9.89,28,248,1.81,1137,390,2994,0.249,7,17,0.292
Iona,124,1453,755,4704,0.148,1453,11.72,1365,11.01,35,367,1.76,1526,644,4692,0.188,11,21,0.344
Stonehill,115,1221,693,3559,0.148,1221,10.62,1114,9.69,44,236,1.41,1345,513,3363,0.247,6,24,0.2
Evansville,107,1260,676,3944,0.148,1260,11.78,1173,10.96,34,280,1.63,1371,495,3768,0.232,6,22,0.214
Old Dominion,99,1135,629,3426,0.148,1135,11.46,1061,10.72,36,260,1.68,1288,470,3327,0.246,5,22,0.185
Loyola Maryland,95,1078,578,3452,0.145,1078,11.35,992,10.44,46,246,1.78,1228,447,3305,0.236,7,18,0.28
Cleveland St.,99,1083,559,3665,0.143,1083,10.94,1013,10.23,55,252,1.83,1332,481,3602,0.236,6,23,0.207
Saint Peter's,113,1271,702,3981,0.143,1271,11.25,1177,10.42,42,416,2.21,1505,606,3946,0.228,7,22,0.241
Eastern Wash.,102,994,530,3259,0.142,994,9.75,895,8.77,104,285,2.42,1431,533,3508,0.256,3,25,0.107
Pacific,104,1193,692,3607,0.139,1193,11.47,1100,10.58,62,236,1.73,1239,497,3450,0.215,8,21,0.276
Grambling,87,891,509,2770,0.138,891,10.24,826,9.49,30,186,1.41,1037,427,2710,0.225,8,19,0.296
Kansas City,103,1049,590,3498,0.131,1049,10.18,958,9.3,40,289,1.79,1383,527,3642,0.235,3,26,0.103
Southern Utah,92,968,575,3019,0.13,968,10.52,885,9.62,69,240,2.05,1147,453,2893,0.24,3,21,0.125
South Carolina St.,94,826,470,2826,0.126,826,8.79,770,8.19,82,150,1.67,1165,483,2986,0.228,5,23,0.179
UNCW,93,928,536,3124,0.125,928,9.98,835,8.98,54,256,1.96,1188,476,3109,0.229,5,21,0.192
Oral Roberts,95,1040,645,3214,0.123,1040,10.95,983,10.35,21,184,1.19,1174,389,3025,0.26,3,25,0.107
UT Martin,107,1126,679,3795,0.118,1126,10.52,1046,9.78,46,324,1.94,1389,568,3712,0.221,4,25,0.138
The Citadel,88,885,540,3058,0.113,885,10.06,840,9.55,56,132,1.39,1200,375,2991,0.276,0,27,0
Northwestern St.,97,897,571,3064,0.106,897,9.25,831,8.57,27,269,1.66,1287,442,3003,0.281,1,29,0.033
Tennessee St.,104,958,605,3334,0.106,958,9.21,881,8.47,53,186,1.4,1407,442,3415,0.283,1,30,0.032
Chicago St.,90,735,456,2748,0.102,735,8.17,679,7.54,60,286,2.26,1269,475,3099,0.256,1,25,0.038
Hampton,87,729,473,2551,0.1,729,8.38,678,7.79,41,126,1.2,1201,371,2648,0.313,1,26,0.037
Mississippi Val.,78,712,482,2378,0.097,712,9.13,649,8.32,24,167,1.38,975,372,2415,0.25,4,20,0.167
Ark.-Pine Bluff,94,851,568,2956,0.096,851,9.05,769,8.18,47,112,1.1,1253,383,2970,0.293,1,28,0.034
Alcorn,94,783,557,2882,0.078,783,8.33,708,7.53,41,140,1.18,1143,420,2983,0.242,3,26,0.103
